,batch_size,cells,look_back_proportion,loss,optmizers,status
0,[0],[0],[1],-0.7230769230769231,[1],ok
1,[1],[3],[1],-0.7153846153846154,[0],ok
2,[0],[2],[0],-0.7852349021290773,[0],ok
3,[0],[1],[0],-0.7852349021290773,[0],ok
4,[2],[1],[0],-0.8053691299169655,[2],ok
5,[5],[0],[1],-0.7692307692307693,[2],ok
6,[1],[1],[1],-0.7153846153846154,[2],ok
7,[4],[0],[1],-0.7846153846153846,[1],ok
8,[0],[0],[0],-0.7852349021290773,[2],ok
9,[2],[2],[1],-0.7846153846153846,[1],ok
10,[1],[1],[0],-0.7919463115250505,[2],ok
11,[5],[0],[1],-0.7923076923076923,[2],ok
12,[3],[3],[0],-0.8120805389129075,[1],ok
13,[4],[2],[1],-0.7846153846153846,[1],ok
14,[1],[1],[1],-0.7153846153846154,[2],ok
15,[0],[1],[0],-0.7718120833371309,[1],ok
16,[0],[3],[1],-0.7230769230769231,[0],ok
17,[5],[0],[1],-0.7846153846153846,[1],ok
18,[3],[0],[1],-0.7846153846153846,[2],ok
19,[3],[2],[0],-0.8120805389129075,[0],ok
20,[3],[3],[0],-0.8120805389129075,[0],ok
21,[3],[3],[0],-0.8187919483088807,[0],ok
22,[3],[2],[0],-0.8053691299169655,[0],ok
23,[3],[3],[0],-0.8187919483088807,[0],ok
24,[3],[3],[0],-0.8120805389129075,[0],ok
25,[3],[3],[0],-0.8120805389129075,[0],ok
26,[3],[3],[0],-0.8187919483088807,[0],ok
27,[2],[3],[0],-0.8120805389129075,[0],ok
28,[3],[3],[0],-0.8187919483088807,[0],ok
29,[4],[3],[0],-0.8120805389129075,[0],ok
30,[3],[3],[0],-0.8120805389129075,[0],ok
31,[3],[3],[0],-0.8120805389129075,[0],ok
32,[5],[3],[0],-0.8187919483088807,[0],ok
