,PETR3,ABEV3,VALE3
1,0.8238095045089722,0.7887324094772339,0.7793427109718323
0,0.5476190447807312,0.5117371082305908,0.46948355436325073
